"Date","Open","High","Low","Close","Volume","%b ‌Boll %b‌ (20,Volume,2,ma)"
"Wed May 22 2024 00:00:00 GMT+0530 (India Standard Time)","1436.30","1468.80","1436.30","1460.65","10281604.00","49.44"
"Thu May 23 2024 00:00:00 GMT+0530 (India Standard Time)","1458.55","1492.20","1455.00","1486.05","14608260.00","75.51"
"Fri May 24 2024 00:00:00 GMT+0530 (India Standard Time)","1483.60","1488.50","1476.10","1480.25","7094776.00","30.12"
"Mon May 27 2024 00:00:00 GMT+0530 (India Standard Time)","1480.20","1484.90","1461.55","1466.25","6629010.00","28.40"
"Tue May 28 2024 00:00:00 GMT+0530 (India Standard Time)","1468.00","1478.50","1452.75","1456.20","7820162.00","35.80"
"Wed May 29 2024 00:00:00 GMT+0530 (India Standard Time)","1446.50","1458.00","1438.45","1440.80","7383556.00","34.40"
"Thu May 30 2024 00:00:00 GMT+0530 (India Standard Time)","1435.50","1440.40","1420.10","1424.85","13206858.00","72.54"
"Fri May 31 2024 00:00:00 GMT+0530 (India Standard Time)","1431.30","1442.25","1422.25","1430.40","31069832.00","138.26"
"Mon Jun 03 2024 00:00:00 GMT+0530 (India Standard Time)","1483.00","1514.50","1459.00","1510.30","21527942.00","91.38"
"Tue Jun 04 2024 00:00:00 GMT+0530 (India Standard Time)","1498.05","1498.05","1359.30","1397.30","36709098.00","122.96"
"Wed Jun 05 2024 00:00:00 GMT+0530 (India Standard Time)","1422.00","1431.15","1384.10","1420.75","17464890.00","64.25"
"Thu Jun 06 2024 00:00:00 GMT+0530 (India Standard Time)","1435.00","1443.70","1421.35","1431.60","17855722.00","64.29"
"Fri Jun 07 2024 00:00:00 GMT+0530 (India Standard Time)","1428.50","1472.00","1426.50","1469.95","18558696.00","65.06"
"Mon Jun 10 2024 00:00:00 GMT+0530 (India Standard Time)","1469.95","1493.35","1468.10","1471.40","9251760.00","37.71"
"Tue Jun 11 2024 00:00:00 GMT+0530 (India Standard Time)","1469.00","1473.70","1454.70","1456.70","11774902.00","44.36"
"Wed Jun 12 2024 00:00:00 GMT+0530 (India Standard Time)","1457.50","1476.00","1455.20","1463.30","10081742.00","38.32"
"Thu Jun 13 2024 00:00:00 GMT+0530 (India Standard Time)","1472.00","1472.25","1460.10","1465.25","9181160.00","36.53"
"Fri Jun 14 2024 00:00:00 GMT+0530 (India Standard Time)","1470.00","1479.70","1457.20","1477.55","8157998.00","33.99"
"Tue Jun 18 2024 00:00:00 GMT+0530 (India Standard Time)","1487.35","1487.40","1471.35","1481.00","7196766.00","29.07"
"Wed Jun 19 2024 00:00:00 GMT+0530 (India Standard Time)","1487.50","1487.50","1456.00","1458.65","8725874.00","34.38"
"Thu Jun 20 2024 00:00:00 GMT+0530 (India Standard Time)","1459.00","1482.85","1450.10","1473.70","16113776.00","56.55"
"Fri Jun 21 2024 00:00:00 GMT+0530 (India Standard Time)","1473.60","1474.70","1440.60","1454.20","31170360.00","96.27"
"Mon Jun 24 2024 00:00:00 GMT+0530 (India Standard Time)","1445.50","1449.50","1437.50","1441.50","8878386.00","32.68"
"Tue Jun 25 2024 00:00:00 GMT+0530 (India Standard Time)","1443.00","1455.90","1441.00","1454.15","7045386.00","27.34"
"Wed Jun 26 2024 00:00:00 GMT+0530 (India Standard Time)","1446.05","1519.00","1445.10","1514.00","22014882.00","68.24"
"Thu Jun 27 2024 00:00:00 GMT+0530 (India Standard Time)","1513.75","1537.50","1506.00","1530.55","28383030.00","82.77"
"Fri Jun 28 2024 00:00:00 GMT+0530 (India Standard Time)","1531.00","1581.00","1531.00","1565.40","28957336.00","80.97"
"Mon Jul 01 2024 00:00:00 GMT+0530 (India Standard Time)","1562.50","1579.40","1555.70","1560.15","7724306.00","25.87"
"Tue Jul 02 2024 00:00:00 GMT+0530 (India Standard Time)","1569.50","1573.50","1557.00","1565.20","7749246.00","28.12"
"Wed Jul 03 2024 00:00:00 GMT+0530 (India Standard Time)","1566.30","1575.00","1542.80","1552.40","9049620.00","33.11"
"Thu Jul 04 2024 00:00:00 GMT+0530 (India Standard Time)","1557.00","1567.50","1550.80","1554.00","6837176.00","28.02"
"Fri Jul 05 2024 00:00:00 GMT+0530 (India Standard Time)","1553.80","1598.50","1548.00","1588.60","12269710.00","46.19"
"Mon Jul 08 2024 00:00:00 GMT+0530 (India Standard Time)","1589.00","1608.80","1582.50","1600.90","9500806.00","38.70"
"Tue Jul 09 2024 00:00:00 GMT+0530 (India Standard Time)","1597.60","1600.50","1580.50","1590.30","6960002.00","31.04"
"Wed Jul 10 2024 00:00:00 GMT+0530 (India Standard Time)","1595.00","1597.50","1563.15","1584.20","7134578.00","32.56"
"Thu Jul 11 2024 00:00:00 GMT+0530 (India Standard Time)","1587.50","1604.25","1570.50","1580.65","11940946.00","47.44"
"Fri Jul 12 2024 00:00:00 GMT+0530 (India Standard Time)","1584.50","1605.15","1574.50","1596.70","12924784.00","49.96"
"Mon Jul 15 2024 00:00:00 GMT+0530 (India Standard Time)","1604.45","1605.85","1585.50","1597.20","5329688.00","26.56"
"Tue Jul 16 2024 00:00:00 GMT+0530 (India Standard Time)","1593.50","1600.00","1569.10","1576.25","9386838.00","38.87"
"Thu Jul 18 2024 00:00:00 GMT+0530 (India Standard Time)","1576.00","1593.90","1557.80","1586.70","12298374.00","47.50"
"Fri Jul 19 2024 00:00:00 GMT+0530 (India Standard Time)","1586.00","1590.00","1552.80","1555.15","13140390.00","50.66"
"Mon Jul 22 2024 00:00:00 GMT+0530 (India Standard Time)","1537.25","1537.50","1499.30","1500.70","19674376.00","76.85"
"Tue Jul 23 2024 00:00:00 GMT+0530 (India Standard Time)","1501.00","1505.75","1463.00","1487.90","18052044.00","69.05"
"Wed Jul 24 2024 00:00:00 GMT+0530 (India Standard Time)","1485.00","1509.50","1476.40","1495.70","11913362.00","45.74"
"Thu Jul 25 2024 00:00:00 GMT+0530 (India Standard Time)","1481.00","1500.50","1477.10","1492.40","12519876.00","49.74"
"Fri Jul 26 2024 00:00:00 GMT+0530 (India Standard Time)","1492.40","1512.40","1490.35","1509.00","9859940.00","41.54"
"Mon Jul 29 2024 00:00:00 GMT+0530 (India Standard Time)","1511.95","1527.50","1511.80","1520.10","7538550.00","28.89"
"Tue Jul 30 2024 00:00:00 GMT+0530 (India Standard Time)","1517.00","1525.00","1510.00","1513.15","8228208.00","33.40"
"Wed Jul 31 2024 00:00:00 GMT+0530 (India Standard Time)","1504.00","1510.45","1501.15","1505.40","10057346.00","45.24"
"Thu Aug 01 2024 00:00:00 GMT+0530 (India Standard Time)","1512.00","1518.00","1504.30","1515.30","10764222.00","49.63"
"Fri Aug 02 2024 00:00:00 GMT+0530 (India Standard Time)","1505.00","1509.30","1493.30","1499.30","10268248.00","44.71"
"Mon Aug 05 2024 00:00:00 GMT+0530 (India Standard Time)","1480.00","1483.90","1433.25","1447.30","17046704.00","89.95"
"Tue Aug 06 2024 00:00:00 GMT+0530 (India Standard Time)","1455.15","1477.50","1451.30","1456.05","10236186.00","42.92"
"Wed Aug 07 2024 00:00:00 GMT+0530 (India Standard Time)","1469.00","1472.50","1461.50","1464.80","8174568.00","27.91"
"Thu Aug 08 2024 00:00:00 GMT+0530 (India Standard Time)","1457.50","1465.00","1445.90","1449.10","12387192.00","55.82"
"Fri Aug 09 2024 00:00:00 GMT+0530 (India Standard Time)","1460.00","1476.50","1456.00","1474.30","6249776.00","15.17"
"Mon Aug 12 2024 00:00:00 GMT+0530 (India Standard Time)","1470.00","1473.00","1457.75","1460.60","8184584.00","30.36"
"Tue Aug 13 2024 00:00:00 GMT+0530 (India Standard Time)","1460.75","1470.10","1458.00","1463.60","6265064.00","16.34"
"Wed Aug 14 2024 00:00:00 GMT+0530 (India Standard Time)","1463.55","1472.00","1453.70","1461.85","6267466.00","18.62"
"Fri Aug 16 2024 00:00:00 GMT+0530 (India Standard Time)","1468.65","1480.40","1458.05","1478.20","9416902.00","40.67"
"Mon Aug 19 2024 00:00:00 GMT+0530 (India Standard Time)","1482.50","1498.30","1480.50","1488.40","13797742.00","69.63"
"Tue Aug 20 2024 00:00:00 GMT+0530 (India Standard Time)","1497.20","1503.90","1490.00","1495.95","8411808.00","35.37"
"Wed Aug 21 2024 00:00:00 GMT+0530 (India Standard Time)","1493.25","1507.90","1490.00","1498.70","7769996.00","31.45"
"Thu Aug 22 2024 00:00:00 GMT+0530 (India Standard Time)","1503.00","1506.50","1490.65","1498.10","10445782.00","57.08"
"Fri Aug 23 2024 00:00:00 GMT+0530 (India Standard Time)","1503.75","1511.30","1498.40","1500.00","9249654.00","47.27"
"Mon Aug 26 2024 00:00:00 GMT+0530 (India Standard Time)","1507.00","1523.00","1503.00","1512.60","8816114.00","43.57"
"Tue Aug 27 2024 00:00:00 GMT+0530 (India Standard Time)","1510.50","1513.50","1499.45","1500.45","6251156.00","20.05"
"Wed Aug 28 2024 00:00:00 GMT+0530 (India Standard Time)","1505.00","1507.50","1493.00","1498.30","9610286.00","51.21"
"Thu Aug 29 2024 00:00:00 GMT+0530 (India Standard Time)","1503.10","1537.00","1494.00","1520.90","38335358.00","150.59"
"Fri Aug 30 2024 00:00:00 GMT+0530 (India Standard Time)","1534.00","1539.70","1503.30","1509.60","41620730.00","126.34"
"Mon Sep 02 2024 00:00:00 GMT+0530 (India Standard Time)","1510.90","1526.80","1506.60","1516.25","11240852.00","46.73"
"Tue Sep 03 2024 00:00:00 GMT+0530 (India Standard Time)","1521.25","1523.00","1507.50","1509.10","10923800.00","46.68"
"Wed Sep 04 2024 00:00:00 GMT+0530 (India Standard Time)","1500.70","1517.50","1499.50","1514.55","11983304.00","49.24"
"Thu Sep 05 2024 00:00:00 GMT+0530 (India Standard Time)","1519.05","1525.80","1487.05","1493.00","16264168.00","59.47"
"Fri Sep 06 2024 00:00:00 GMT+0530 (India Standard Time)","1492.50","1497.00","1461.60","1464.80","19394228.00","66.61"
"Mon Sep 09 2024 00:00:00 GMT+0530 (India Standard Time)","1466.50","1469.90","1455.60","1462.45","9010298.00","39.08"
"Tue Sep 10 2024 00:00:00 GMT+0530 (India Standard Time)","1460.50","1472.05","1457.60","1461.50","10768260.00","43.33"
"Wed Sep 11 2024 00:00:00 GMT+0530 (India Standard Time)","1463.05","1468.75","1447.55","1451.50","9760202.00","40.09"
"Thu Sep 12 2024 00:00:00 GMT+0530 (India Standard Time)","1457.00","1486.00","1445.90","1479.80","22349376.00","71.50"
"Fri Sep 13 2024 00:00:00 GMT+0530 (India Standard Time)","1476.40","1483.15","1469.50","1472.60","8711328.00","35.33"
"Mon Sep 16 2024 00:00:00 GMT+0530 (India Standard Time)","1477.55","1480.90","1464.75","1471.35","5481774.00","28.30"
"Tue Sep 17 2024 00:00:00 GMT+0530 (India Standard Time)","1474.00","1477.50","1466.60","1472.30","5935328.00","29.97"
"Wed Sep 18 2024 00:00:00 GMT+0530 (India Standard Time)","1470.00","1482.00","1460.55","1463.45","8574714.00","36.65"
"Thu Sep 19 2024 00:00:00 GMT+0530 (India Standard Time)","1466.25","1476.50","1455.55","1469.70","16955902.00","57.49"
"Fri Sep 20 2024 00:00:00 GMT+0530 (India Standard Time)","1474.00","1495.00","1471.40","1485.90","30897320.00","88.41"
"Mon Sep 23 2024 00:00:00 GMT+0530 (India Standard Time)","1491.00","1501.50","1488.95","1493.40","8832314.00","34.61"
"Tue Sep 24 2024 00:00:00 GMT+0530 (India Standard Time)","1488.50","1500.50","1487.90","1489.40","17137444.00","53.60"
"Wed Sep 25 2024 00:00:00 GMT+0530 (India Standard Time)","1483.90","1496.50","1480.20","1493.95","7069002.00","29.07"
"Thu Sep 26 2024 00:00:00 GMT+0530 (India Standard Time)","1490.65","1504.00","1488.05","1497.95","18818998.00","62.09"
"Fri Sep 27 2024 00:00:00 GMT+0530 (India Standard Time)","1499.00","1533.50","1492.00","1526.20","20597478.00","77.66"
"Mon Sep 30 2024 00:00:00 GMT+0530 (India Standard Time)","1519.40","1525.00","1474.40","1476.60","27008814.00","95.34"
"Tue Oct 01 2024 00:00:00 GMT+0530 (India Standard Time)","1480.65","1487.95","1462.80","1464.80","16431642.00","56.58"
"Thu Oct 03 2024 00:00:00 GMT+0530 (India Standard Time)","1436.60","1449.40","1402.10","1407.00","37757294.00","113.86"
"Fri Oct 04 2024 00:00:00 GMT+0530 (India Standard Time)","1403.90","1417.35","1381.80","1386.50","37072876.00","101.76"
"Mon Oct 07 2024 00:00:00 GMT+0530 (India Standard Time)","1393.50","1396.50","1361.40","1370.70","22181340.00","63.07"
"Tue Oct 08 2024 00:00:00 GMT+0530 (India Standard Time)","1373.00","1401.00","1365.10","1397.35","17020808.00","48.84"
"Wed Oct 09 2024 00:00:00 GMT+0530 (India Standard Time)","1397.50","1401.00","1372.50","1374.60","14310610.00","41.24"
"Thu Oct 10 2024 00:00:00 GMT+0530 (India Standard Time)","1380.00","1386.00","1369.40","1371.05","22358646.00","60.87"
"Fri Oct 11 2024 00:00:00 GMT+0530 (India Standard Time)","1370.00","1383.30","1368.80","1372.10","7980122.00","25.05"
"Mon Oct 14 2024 00:00:00 GMT+0530 (India Standard Time)","1379.45","1380.10","1368.25","1372.50","12221432.00","35.44"
"Tue Oct 15 2024 00:00:00 GMT+0530 (India Standard Time)","1358.50","1371.70","1340.70","1344.00","33762794.00","87.91"
"Wed Oct 16 2024 00:00:00 GMT+0530 (India Standard Time)","1340.00","1364.00","1337.60","1354.10","20034438.00","50.50"
"Thu Oct 17 2024 00:00:00 GMT+0530 (India Standard Time)","1365.70","1368.45","1352.05","1356.40","15543660.00","36.84"
"Fri Oct 18 2024 00:00:00 GMT+0530 (India Standard Time)","1352.20","1368.40","1341.30","1359.30","12082452.00","28.11"
"Mon Oct 21 2024 00:00:00 GMT+0530 (India Standard Time)","1367.10","1374.00","1357.70","1369.20","14067408.00","35.52"
"Tue Oct 22 2024 00:00:00 GMT+0530 (India Standard Time)","1369.20","1376.00","1340.20","1343.35","15831960.00","39.23"
"Wed Oct 23 2024 00:00:00 GMT+0530 (India Standard Time)","1337.50","1357.50","1335.00","1338.50","17214742.00","43.32"
"Thu Oct 24 2024 00:00:00 GMT+0530 (India Standard Time)","1335.30","1343.70","1323.10","1339.80","22155934.00","56.08"
"Fri Oct 25 2024 00:00:00 GMT+0530 (India Standard Time)","1343.50","1344.35","1322.00","1327.85","18597496.00","44.92"
"Mon Oct 28 2024 00:00:00 GMT+0530 (India Standard Time)","1337.00","1353.00","1322.10","1334.35","10824350.00","22.89"
"Tue Oct 29 2024 00:00:00 GMT+0530 (India Standard Time)","1328.10","1343.20","1320.30","1340.00","12008361.00","28.74"
"Wed Oct 30 2024 00:00:00 GMT+0530 (India Standard Time)","1335.00","1350.00","1325.35","1343.90","11984423.00","29.66"
"Thu Oct 31 2024 00:00:00 GMT+0530 (India Standard Time)","1340.00","1343.00","1326.15","1332.05","9331650.00","22.67"
"Fri Nov 01 2024 00:00:00 GMT+0530 (India Standard Time)","1333.05","1341.95","1333.00","1338.65","2127335.00","-1.58"
"Mon Nov 04 2024 00:00:00 GMT+0530 (India Standard Time)","1337.85","1340.00","1285.10","1302.15","19796890.00","66.87"
"Tue Nov 05 2024 00:00:00 GMT+0530 (India Standard Time)","1293.00","1309.55","1286.15","1305.30","16267479.00","53.28"
"Wed Nov 06 2024 00:00:00 GMT+0530 (India Standard Time)","1310.00","1328.30","1300.20","1325.35","21625209.00","72.28"
"Thu Nov 07 2024 00:00:00 GMT+0530 (India Standard Time)","1324.00","1324.00","1302.60","1305.65","9611974.00","28.68"
"Fri Nov 08 2024 00:00:00 GMT+0530 (India Standard Time)","1297.65","1301.65","1275.00","1283.75","19814406.00","66.01"
"Mon Nov 11 2024 00:00:00 GMT+0530 (India Standard Time)","1278.95","1286.00","1267.00","1272.70","9056552.00","24.80"
"Tue Nov 12 2024 00:00:00 GMT+0530 (India Standard Time)","1275.55","1289.30","1267.50","1274.25","10671091.00","31.31"
"Wed Nov 13 2024 00:00:00 GMT+0530 (India Standard Time)","1270.25","1275.45","1249.50","1252.05","14633633.00","52.42"
"Thu Nov 14 2024 00:00:00 GMT+0530 (India Standard Time)","1253.60","1272.60","1251.10","1267.60","12612633.00","42.79"
"Mon Nov 18 2024 00:00:00 GMT+0530 (India Standard Time)","1267.60","1272.90","1243.90","1260.75","13620611.00","47.57"
"Tue Nov 19 2024 00:00:00 GMT+0530 (India Standard Time)","1260.75","1281.50","1235.15","1241.65","14183746.00","50.44"
"Thu Nov 21 2024 00:00:00 GMT+0530 (India Standard Time)","1241.65","1243.95","1217.25","1223.00","19433843.00","75.91"
"Fri Nov 22 2024 00:00:00 GMT+0530 (India Standard Time)","1229.40","1268.85","1222.45","1265.40","20471957.00","79.45"
"Mon Nov 25 2024 00:00:00 GMT+0530 (India Standard Time)","1290.00","1304.45","1282.45","1287.00","28923341.00","111.00"
"Tue Nov 26 2024 00:00:00 GMT+0530 (India Standard Time)","1294.95","1297.85","1284.20","1295.70","9247557.00","28.34"
"Wed Nov 27 2024 00:00:00 GMT+0530 (India Standard Time)","1293.50","1303.85","1286.00","1293.20","9572746.00","30.15"
"Thu Nov 28 2024 00:00:00 GMT+0530 (India Standard Time)","1289.95","1296.60","1269.05","1270.80","15027412.00","52.67"
"Fri Nov 29 2024 00:00:00 GMT+0530 (India Standard Time)","1280.00","1299.50","1275.25","1292.20","13202307.00","44.62"
"Mon Dec 02 2024 00:00:00 GMT+0530 (India Standard Time)","1288.00","1311.35","1277.05","1309.15","11024152.00","34.78"
"Tue Dec 03 2024 00:00:00 GMT+0530 (India Standard Time)","1317.00","1326.80","1307.00","1323.30","16869482.00","57.85"
"Wed Dec 04 2024 00:00:00 GMT+0530 (India Standard Time)","1326.00","1328.40","1304.05","1308.95","19608540.00","71.49"
"Thu Dec 05 2024 00:00:00 GMT+0530 (India Standard Time)","1314.35","1329.95","1306.15","1322.05","16858723.00","57.70"
"Fri Dec 06 2024 00:00:00 GMT+0530 (India Standard Time)","1323.90","1323.90","1310.00","1311.55","9037514.00","21.85"
"Mon Dec 09 2024 00:00:00 GMT+0530 (India Standard Time)","1303.00","1315.00","1293.10","1295.15","14650002.00","48.58"
"Tue Dec 10 2024 00:00:00 GMT+0530 (India Standard Time)","1289.25","1294.90","1280.20","1284.85","16043729.00","56.88"
"Wed Dec 11 2024 00:00:00 GMT+0530 (India Standard Time)","1285.00","1290.00","1276.05","1278.20","11724373.00","32.99"
"Thu Dec 12 2024 00:00:00 GMT+0530 (India Standard Time)","1270.00","1278.20","1260.60","1262.90","20906813.00","79.41"
"Fri Dec 13 2024 00:00:00 GMT+0530 (India Standard Time)","1260.00","1275.20","1239.60","1272.85","28630222.00","106.98"
"Mon Dec 16 2024 00:00:00 GMT+0530 (India Standard Time)","1275.00","1281.00","1266.55","1268.30","9486781.00","21.48"
"Tue Dec 17 2024 00:00:00 GMT+0530 (India Standard Time)","1261.05","1263.90","1242.80","1245.30","17462791.00","55.97"
"Wed Dec 18 2024 00:00:00 GMT+0530 (India Standard Time)","1240.65","1259.95","1240.65","1253.25","12670179.00","35.11"
"Thu Dec 19 2024 00:00:00 GMT+0530 (India Standard Time)","1239.00","1244.90","1229.00","1230.45","14244653.00","43.16"
"Fri Dec 20 2024 00:00:00 GMT+0530 (India Standard Time)","1224.00","1239.50","1201.50","1205.30","20312896.00","70.20"
"Mon Dec 23 2024 00:00:00 GMT+0530 (India Standard Time)","1215.00","1227.20","1213.20","1222.30","10052824.00","25.42"
"Tue Dec 24 2024 00:00:00 GMT+0530 (India Standard Time)","1222.30","1233.55","1221.00","1222.75","6734917.00","10.40"
"Thu Dec 26 2024 00:00:00 GMT+0530 (India Standard Time)","1224.25","1227.70","1214.25","1216.55","10016178.00","26.49"
"Fri Dec 27 2024 00:00:00 GMT+0530 (India Standard Time)","1218.30","1227.90","1217.00","1221.05","7000397.00","15.34"
"Mon Dec 30 2024 00:00:00 GMT+0530 (India Standard Time)","1216.40","1223.20","1208.10","1210.70","8818766.00","25.59"
"Tue Dec 31 2024 00:00:00 GMT+0530 (India Standard Time)","1208.00","1219.10","1206.15","1215.45","6405475.00","16.86"
"Wed Jan 01 2025 00:00:00 GMT+0530 (India Standard Time)","1214.85","1226.30","1211.60","1221.25","5892590.00","18.22"
"Thu Jan 02 2025 00:00:00 GMT+0530 (India Standard Time)","1221.25","1244.45","1220.00","1241.80","15486276.00","60.38"
"Fri Jan 03 2025 00:00:00 GMT+0530 (India Standard Time)","1243.90","1262.05","1235.50","1251.15","15521102.00","60.90"
"Mon Jan 06 2025 00:00:00 GMT+0530 (India Standard Time)","1253.95","1262.00","1215.00","1218.00","14816766.00","56.58"
"Tue Jan 07 2025 00:00:00 GMT+0530 (India Standard Time)","1222.00","1244.50","1221.25","1240.85","10070505.00","36.48"
"Wed Jan 08 2025 00:00:00 GMT+0530 (India Standard Time)","1249.00","1271.05","1245.35","1265.50","19346579.00","76.34"
"Thu Jan 09 2025 00:00:00 GMT+0530 (India Standard Time)","1267.00","1269.75","1248.05","1254.75","12794704.00","47.66"
"Fri Jan 10 2025 00:00:00 GMT+0530 (India Standard Time)","1253.85","1256.75","1236.00","1241.90","8120332.00","29.51"
"Mon Jan 13 2025 00:00:00 GMT+0530 (India Standard Time)","1230.00","1245.25","1226.40","1239.85","13764861.00","60.71"
"Tue Jan 14 2025 00:00:00 GMT+0530 (India Standard Time)","1244.10","1253.35","1227.25","1238.75","13095266.00","55.73"
"Wed Jan 15 2025 00:00:00 GMT+0530 (India Standard Time)","1244.95","1257.00","1241.85","1252.20","9578856.00","36.68"
"Thu Jan 16 2025 00:00:00 GMT+0530 (India Standard Time)","1258.90","1275.00","1251.30","1266.45","14117603.00","64.14"
"Fri Jan 17 2025 00:00:00 GMT+0530 (India Standard Time)","1322.25","1326.00","1285.00","1302.35","29366277.00","125.20"
"Mon Jan 20 2025 00:00:00 GMT+0530 (India Standard Time)","1316.00","1316.00","1300.25","1305.45","14040244.00","58.42"
"Tue Jan 21 2025 00:00:00 GMT+0530 (India Standard Time)","1310.50","1313.00","1270.20","1273.70","14562976.00","59.82"
"Wed Jan 22 2025 00:00:00 GMT+0530 (India Standard Time)","1278.30","1282.90","1268.70","1277.10","10273590.00","38.49"
"Thu Jan 23 2025 00:00:00 GMT+0530 (India Standard Time)","1270.00","1277.35","1261.60","1263.65","8720682.00","31.44"
"Fri Jan 24 2025 00:00:00 GMT+0530 (India Standard Time)","1266.00","1273.00","1243.50","1246.30","14235970.00","56.35"
"Mon Jan 27 2025 00:00:00 GMT+0530 (India Standard Time)","1239.10","1240.45","1220.00","1229.35","9536019.00","32.86"
"Tue Jan 28 2025 00:00:00 GMT+0530 (India Standard Time)","1238.00","1244.75","1218.50","1234.40","10568025.00","36.43"
"Wed Jan 29 2025 00:00:00 GMT+0530 (India Standard Time)","1236.00","1242.75","1228.05","1235.50","5928156.00","12.43"
"Thu Jan 30 2025 00:00:00 GMT+0530 (India Standard Time)","1235.55","1257.00","1232.40","1253.05","9269259.00","31.47"
"Fri Jan 31 2025 00:00:00 GMT+0530 (India Standard Time)","1255.85","1267.00","1249.00","1265.10","6584612.00","20.87"
"Sat Feb 01 2025 00:00:00 GMT+0530 (India Standard Time)","1265.10","1270.55","1241.00","1264.60","7118453.00","25.91"
"Mon Feb 03 2025 00:00:00 GMT+0530 (India Standard Time)","1251.00","1256.00","1237.55","1245.90","9252345.00","36.57"
"Tue Feb 04 2025 00:00:00 GMT+0530 (India Standard Time)","1248.05","1288.80","1246.60","1285.20","16691069.00","74.14"
"Wed Feb 05 2025 00:00:00 GMT+0530 (India Standard Time)","1282.65","1290.50","1276.70","1278.20","10112028.00","41.81"
"Thu Feb 06 2025 00:00:00 GMT+0530 (India Standard Time)","1273.70","1288.00","1270.35","1281.55","9956001.00","40.47"
"Fri Feb 07 2025 00:00:00 GMT+0530 (India Standard Time)","1276.15","1283.70","1262.00","1266.70","8764283.00","35.77"
"Mon Feb 10 2025 00:00:00 GMT+0530 (India Standard Time)","1264.50","1266.50","1245.55","1253.65","6970972.00","28.65"
"Tue Feb 11 2025 00:00:00 GMT+0530 (India Standard Time)","1264.55","1264.55","1230.10","1234.85","8859714.00","38.22"
"Wed Feb 12 2025 00:00:00 GMT+0530 (India Standard Time)","1219.45","1226.90","1193.35","1216.55","21131654.00","93.53"
"Thu Feb 13 2025 00:00:00 GMT+0530 (India Standard Time)","1217.05","1228.00","1212.00","1216.10","8511216.00","36.14"
"Fri Feb 14 2025 00:00:00 GMT+0530 (India Standard Time)","1219.00","1224.00","1205.45","1217.25","10298145.00","49.52"
"Mon Feb 17 2025 00:00:00 GMT+0530 (India Standard Time)","1211.10","1227.50","1204.50","1224.90","8166683.00","36.54"
"Tue Feb 18 2025 00:00:00 GMT+0530 (India Standard Time)","1224.85","1229.90","1216.10","1225.40","6673250.00","27.63"
"Wed Feb 19 2025 00:00:00 GMT+0530 (India Standard Time)","1219.50","1232.75","1217.55","1227.45","6217338.00","25.86"
"Thu Feb 20 2025 00:00:00 GMT+0530 (India Standard Time)","1223.95","1239.35","1222.00","1233.00","7795582.00","38.47"
"Fri Feb 21 2025 00:00:00 GMT+0530 (India Standard Time)","1228.70","1240.00","1222.15","1228.15","6904025.00","33.27"
"Mon Feb 24 2025 00:00:00 GMT+0530 (India Standard Time)","1216.55","1223.25","1210.50","1214.55","7172498.00","36.41"
"Tue Feb 25 2025 00:00:00 GMT+0530 (India Standard Time)","1211.00","1221.00","1201.50","1204.00","11552182.00","65.20"
"Thu Feb 27 2025 00:00:00 GMT+0530 (India Standard Time)","1212.80","1215.00","1200.65","1207.10","11509215.00","63.99"
"Fri Feb 28 2025 00:00:00 GMT+0530 (India Standard Time)","1202.00","1217.35","1193.30","1200.10","23007298.00","119.58"
"Mon Mar 03 2025 00:00:00 GMT+0530 (India Standard Time)","1204.00","1206.45","1156.00","1171.25","17944938.00","87.00"
"Tue Mar 04 2025 00:00:00 GMT+0530 (India Standard Time)","1162.20","1174.00","1159.55","1161.90","11377373.00","52.08"
"Wed Mar 05 2025 00:00:00 GMT+0530 (India Standard Time)","1161.00","1183.00","1157.00","1175.60","8664095.00","39.59"
"Thu Mar 06 2025 00:00:00 GMT+0530 (India Standard Time)","1197.00","1213.95","1185.15","1209.60","14468014.00","69.62"
"Fri Mar 07 2025 00:00:00 GMT+0530 (India Standard Time)","1216.00","1254.80","1212.00","1249.80","16474965.00","77.70"
"Mon Mar 10 2025 00:00:00 GMT+0530 (India Standard Time)","1245.00","1258.00","1235.40","1238.40","11931051.00","53.38"
"Tue Mar 11 2025 00:00:00 GMT+0530 (India Standard Time)","1240.00","1249.50","1229.75","1247.30","10089838.00","42.85"
"Wed Mar 12 2025 00:00:00 GMT+0530 (India Standard Time)","1258.00","1263.00","1244.00","1257.05","11977555.00","52.06"
"Thu Mar 13 2025 00:00:00 GMT+0530 (India Standard Time)","1260.05","1264.15","1243.85","1247.90","9505270.00","40.91"
"Mon Mar 17 2025 00:00:00 GMT+0530 (India Standard Time)","1242.15","1257.40","1233.10","1238.85","16640952.00","80.54"
"Tue Mar 18 2025 00:00:00 GMT+0530 (India Standard Time)","1244.70","1248.35","1235.00","1238.80","15745877.00","73.21"
"Wed Mar 19 2025 00:00:00 GMT+0530 (India Standard Time)","1241.05","1253.25","1238.80","1247.15","16162399.00","73.17"
"Thu Mar 20 2025 00:00:00 GMT+0530 (India Standard Time)","1251.85","1273.00","1250.05","1269.15","15971477.00","69.93"
"Fri Mar 21 2025 00:00:00 GMT+0530 (India Standard Time)","1275.00","1281.00","1270.10","1276.35","21780769.00","97.21"
"Mon Mar 24 2025 00:00:00 GMT+0530 (India Standard Time)","1291.00","1306.00","1284.25","1302.10","20299319.00","85.00"
"Tue Mar 25 2025 00:00:00 GMT+0530 (India Standard Time)","1307.70","1307.70","1282.60","1285.45","13713899.00","46.54"
"Wed Mar 26 2025 00:00:00 GMT+0530 (India Standard Time)","1291.00","1293.80","1268.75","1273.05","12074747.00","34.34"
"Thu Mar 27 2025 00:00:00 GMT+0530 (India Standard Time)","1278.15","1285.00","1271.30","1278.20","15028056.00","51.99"
"Fri Mar 28 2025 00:00:00 GMT+0530 (India Standard Time)","1280.00","1295.75","1269.00","1275.10","18147129.00","69.96"
"Tue Apr 01 2025 00:00:00 GMT+0530 (India Standard Time)","1264.60","1277.90","1249.30","1252.60","12099648.00","32.66"
"Wed Apr 02 2025 00:00:00 GMT+0530 (India Standard Time)","1247.55","1255.55","1243.90","1251.15","10142590.00","21.61"
"Thu Apr 03 2025 00:00:00 GMT+0530 (India Standard Time)","1233.05","1251.80","1233.05","1248.70","7434366.00","6.76"
"Fri Apr 04 2025 00:00:00 GMT+0530 (India Standard Time)","1241.10","1245.45","1193.15","1204.70","17908652.00","74.23"
"Mon Apr 07 2025 00:00:00 GMT+0530 (India Standard Time)","1132.20","1171.25","1114.85","1165.70","22156106.00","96.02"
"Tue Apr 08 2025 00:00:00 GMT+0530 (India Standard Time)","1172.00","1196.60","1163.30","1182.20","19555040.00","78.03"
"Wed Apr 09 2025 00:00:00 GMT+0530 (India Standard Time)","1169.50","1189.80","1168.00","1185.35","10223104.00","22.65"
"Fri Apr 11 2025 00:00:00 GMT+0530 (India Standard Time)","1195.15","1222.65","1195.15","1218.95","11224242.00","27.95"
"Tue Apr 15 2025 00:00:00 GMT+0530 (India Standard Time)","1251.00","1251.00","1237.10","1240.10","13378535.00","40.40"
"Wed Apr 16 2025 00:00:00 GMT+0530 (India Standard Time)","1234.10","1240.90","1229.00","1239.30","8248464.00","10.52"
"Thu Apr 17 2025 00:00:00 GMT+0530 (India Standard Time)","1240.20","1280.20","1227.60","1274.50","15398401.00","53.36"
"Mon Apr 21 2025 00:00:00 GMT+0530 (India Standard Time)","1270.00","1300.90","1267.00","1295.50","10429964.00","25.90"
"Tue Apr 22 2025 00:00:00 GMT+0530 (India Standard Time)","1300.00","1303.90","1286.30","1291.20","13051707.00","42.06"
"Wed Apr 23 2025 00:00:00 GMT+0530 (India Standard Time)","1297.00","1306.00","1285.40","1300.00","10480888.00","29.01"
"Thu Apr 24 2025 00:00:00 GMT+0530 (India Standard Time)","1292.40","1304.50","1290.30","1301.60","10468940.00","30.84"
"Fri Apr 25 2025 00:00:00 GMT+0530 (India Standard Time)","1303.50","1325.20","1288.10","1300.40","14431012.00","57.66"
"Mon Apr 28 2025 00:00:00 GMT+0530 (India Standard Time)","1340.00","1374.60","1320.20","1368.80","31104496.00","128.41"
"Tue Apr 29 2025 00:00:00 GMT+0530 (India Standard Time)","1371.00","1410.90","1370.00","1399.70","32538970.00","114.82"
"Wed Apr 30 2025 00:00:00 GMT+0530 (India Standard Time)","1402.00","1412.40","1369.00","1405.00","25480745.00","84.63"
"Fri May 02 2025 00:00:00 GMT+0530 (India Standard Time)","1414.00","1426.70","1409.10","1422.40","17535402.00","56.63"
"Mon May 05 2025 00:00:00 GMT+0530 (India Standard Time)","1431.00","1439.50","1426.90","1431.30","12685649.00","39.32"
"Tue May 06 2025 00:00:00 GMT+0530 (India Standard Time)","1431.00","1432.00","1410.60","1420.90","14084117.00","43.49"
"Wed May 07 2025 00:00:00 GMT+0530 (India Standard Time)","1420.90","1424.40","1402.70","1406.00","13440169.00","39.72"
"Thu May 08 2025 00:00:00 GMT+0530 (India Standard Time)","1404.10","1420.80","1398.00","1407.00","16106175.00","50.02"
"Fri May 09 2025 00:00:00 GMT+0530 (India Standard Time)","1385.50","1394.80","1374.50","1377.20","13668904.00","42.34"
"Mon May 12 2025 00:00:00 GMT+0530 (India Standard Time)","1400.00","1439.00","1400.00","1436.50","10674081.00","32.66"
"Tue May 13 2025 00:00:00 GMT+0530 (India Standard Time)","1433.50","1447.70","1412.40","1415.70","11407896.00","35.13"
"Wed May 14 2025 00:00:00 GMT+0530 (India Standard Time)","1420.00","1429.90","1415.50","1424.40","5570160.00","15.39"
"Thu May 15 2025 00:00:00 GMT+0530 (India Standard Time)","1425.00","1461.40","1412.70","1454.20","20177211.00","67.50"
"Fri May 16 2025 00:00:00 GMT+0530 (India Standard Time)","1453.20","1461.00","1447.30","1456.40","9036695.00","26.85"
"Mon May 19 2025 00:00:00 GMT+0530 (India Standard Time)","1452.10","1454.60","1438.20","1440.80","6195791.00","19.45"
"Tue May 20 2025 00:00:00 GMT+0530 (India Standard Time)","1438.20","1445.00","1421.80","1424.60","11270560.00","37.01"
"Wed May 21 2025 00:00:00 GMT+0530 (India Standard Time)","1423.90","1436.20","1418.10","1429.20","6136364.00","21.20"
"Thu May 22 2025 00:00:00 GMT+0530 (India Standard Time)","1421.20","1423.80","1396.90","1409.40","12134466.00","41.23"
"Fri May 23 2025 00:00:00 GMT+0530 (India Standard Time)","1406.60","1433.80","1406.60","1426.80","6474883.00","23.21"
"Mon May 26 2025 00:00:00 GMT+0530 (India Standard Time)","1432.00","1441.00","1425.10","1434.80","4842944.00","20.51"
"Tue May 27 2025 00:00:00 GMT+0530 (India Standard Time)","1426.10","1437.00","1413.90","1422.10","12640414.00","48.27"
"Wed May 28 2025 00:00:00 GMT+0530 (India Standard Time)","1420.10","1422.60","1410.70","1412.90","5944611.00","22.06"
"Thu May 29 2025 00:00:00 GMT+0530 (India Standard Time)","1412.10","1420.00","1408.60","1417.80","13771917.00","65.35"
"Fri May 30 2025 00:00:00 GMT+0530 (India Standard Time)","1418.00","1430.60","1409.70","1420.90","13788484.00","67.42"
"Mon Jun 02 2025 00:00:00 GMT+0530 (India Standard Time)","1412.10","1417.50","1395.60","1413.70","8098668.00","33.39"
"Tue Jun 03 2025 00:00:00 GMT+0530 (India Standard Time)","1422.30","1426.50","1403.40","1405.50","11252626.00","53.92"
"Wed Jun 04 2025 00:00:00 GMT+0530 (India Standard Time)","1414.70","1425.70","1406.10","1423.50","8126827.00","35.78"
"Thu Jun 05 2025 00:00:00 GMT+0530 (India Standard Time)","1428.00","1454.70","1423.60","1442.40","13716817.00","72.87"
"Fri Jun 06 2025 00:00:00 GMT+0530 (India Standard Time)","1441.00","1451.50","1437.00","1443.50","8182161.00","38.02"
"Mon Jun 09 2025 00:00:00 GMT+0530 (India Standard Time)","1457.00","1457.50","1445.30","1448.80","7885125.00","37.04"
"Tue Jun 10 2025 00:00:00 GMT+0530 (India Standard Time)","1450.00","1453.90","1436.00","1438.50","7913181.00","38.40"
"Wed Jun 11 2025 00:00:00 GMT+0530 (India Standard Time)","1445.80","1468.60","1443.10","1448.90","8195700.00","39.12"
"Thu Jun 12 2025 00:00:00 GMT+0530 (India Standard Time)","1453.50","1457.00","1434.40","1441.60","8828114.00","46.46"
"Fri Jun 13 2025 00:00:00 GMT+0530 (India Standard Time)","1424.00","1435.50","1414.30","1427.90","9757276.00","54.49"
"Mon Jun 16 2025 00:00:00 GMT+0530 (India Standard Time)","1426.90","1442.40","1424.40","1437.80","8458093.00","41.55"
"Tue Jun 17 2025 00:00:00 GMT+0530 (India Standard Time)","1448.00","1448.00","1425.80","1431.20","10366599.00","59.72"
"Wed Jun 18 2025 00:00:00 GMT+0530 (India Standard Time)","1430.00","1442.80","1425.70","1430.10","6681735.00","24.76"
"Thu Jun 19 2025 00:00:00 GMT+0530 (India Standard Time)","1430.10","1439.90","1425.70","1433.30","10007230.00","57.39"
"Fri Jun 20 2025 00:00:00 GMT+0530 (India Standard Time)","1431.00","1471.00","1428.10","1466.20","29010635.00","144.13"
"Mon Jun 23 2025 00:00:00 GMT+0530 (India Standard Time)","1453.00","1463.80","1442.00","1456.80","5989078.00","27.30"
"Tue Jun 24 2025 00:00:00 GMT+0530 (India Standard Time)","1465.00","1475.00","1443.10","1450.80","16402744.00","78.67"
"Wed Jun 25 2025 00:00:00 GMT+0530 (India Standard Time)","1464.00","1472.40","1460.50","1467.30","7525851.00","34.08"
"Thu Jun 26 2025 00:00:00 GMT+0530 (India Standard Time)","1469.10","1498.80","1465.10","1495.30","14657893.00","69.53"
"Fri Jun 27 2025 00:00:00 GMT+0530 (India Standard Time)","1499.40","1522.00","1496.90","1515.40","11117052.00","52.56"
"Mon Jun 30 2025 00:00:00 GMT+0530 (India Standard Time)","1513.80","1524.80","1496.00","1500.60","8409527.00","38.83"
"Tue Jul 01 2025 00:00:00 GMT+0530 (India Standard Time)","1500.60","1531.40","1500.10","1528.40","10368523.00","48.93"
"Wed Jul 02 2025 00:00:00 GMT+0530 (India Standard Time)","1528.40","1530.00","1508.70","1518.80","6361002.00","29.40"
"Thu Jul 03 2025 00:00:00 GMT+0530 (India Standard Time)","1520.80","1531.90","1513.00","1517.80","11283291.00","54.60"
"Fri Jul 04 2025 00:00:00 GMT+0530 (India Standard Time)","1524.00","1530.00","1517.20","1527.30","6603501.00","31.60"
"Mon Jul 07 2025 00:00:00 GMT+0530 (India Standard Time)","1526.60","1544.80","1525.00","1541.50","7251074.00","35.04"
"Tue Jul 08 2025 00:00:00 GMT+0530 (India Standard Time)","1536.00","1544.90","1530.20","1537.60","7171261.00","34.89"
"Wed Jul 09 2025 00:00:00 GMT+0530 (India Standard Time)","1536.70","1551.00","1510.10","1519.00","8870660.00","43.12"
"Thu Jul 10 2025 00:00:00 GMT+0530 (India Standard Time)","1519.70","1524.70","1507.50","1517.20","10047129.00","48.66"
"Fri Jul 11 2025 00:00:00 GMT+0530 (India Standard Time)","1512.00","1515.00","1490.30","1495.20","7234991.00","35.42"
"Mon Jul 14 2025 00:00:00 GMT+0530 (India Standard Time)","1492.20","1500.00","1479.10","1483.70","10311846.00","50.14"
"Tue Jul 15 2025 00:00:00 GMT+0530 (India Standard Time)","1486.20","1496.50","1482.40","1485.40","8132454.00","39.95"
"Wed Jul 16 2025 00:00:00 GMT+0530 (India Standard Time)","1473.00","1491.00","1471.50","1485.60","10409983.00","50.26"
"Thu Jul 17 2025 00:00:00 GMT+0530 (India Standard Time)","1487.40","1489.60","1473.90","1476.40","11854613.00","56.99"
"Fri Jul 18 2025 00:00:00 GMT+0530 (India Standard Time)","1484.80","1484.80","1469.10","1476.00","10296318.00","57.32"
"Mon Jul 21 2025 00:00:00 GMT+0530 (India Standard Time)","1465.00","1476.00","1423.10","1428.60","22442744.00","130.39"
"Tue Jul 22 2025 00:00:00 GMT+0530 (India Standard Time)","1427.40","1431.90","1410.70","1412.80","20396320.00","109.17"
"Wed Jul 23 2025 00:00:00 GMT+0530 (India Standard Time)","1426.00","1426.00","1414.40","1424.60","8354596.00","36.57"
"Thu Jul 24 2025 00:00:00 GMT+0530 (India Standard Time)","1419.20","1423.00","1396.00","1402.90","14740507.00","75.08"
"Fri Jul 25 2025 00:00:00 GMT+0530 (India Standard Time)","1398.90","1401.00","1384.10","1391.70","11854722.00","57.44"
"Mon Jul 28 2025 00:00:00 GMT+0530 (India Standard Time)","1392.30","1407.80","1385.00","1387.60","7748361.00","32.99"
"Tue Jul 29 2025 00:00:00 GMT+0530 (India Standard Time)","1383.00","1420.20","1383.00","1417.10","10750072.00","50.86"
"Wed Jul 30 2025 00:00:00 GMT+0530 (India Standard Time)","1418.10","1423.30","1401.30","1410.10","7209849.00","29.20"
"Thu Jul 31 2025 00:00:00 GMT+0530 (India Standard Time)","1388.10","1402.60","1382.20","1390.20","17065827.00","85.12"
"Fri Aug 01 2025 00:00:00 GMT+0530 (India Standard Time)","1386.90","1405.90","1384.30","1393.70","10321171.00","45.28"
"Mon Aug 04 2025 00:00:00 GMT+0530 (India Standard Time)","1395.10","1416.10","1391.70","1411.50","6312820.00","22.30"
"Tue Aug 05 2025 00:00:00 GMT+0530 (India Standard Time)","1411.00","1411.00","1388.10","1391.70","9315972.00","38.95"
"Wed Aug 06 2025 00:00:00 GMT+0530 (India Standard Time)","1391.90","1395.90","1383.30","1392.80","5834312.00","20.19"
"Thu Aug 07 2025 00:00:00 GMT+0530 (India Standard Time)","1387.70","1393.70","1366.00","1389.40","9976705.00","43.97"
"Fri Aug 08 2025 00:00:00 GMT+0530 (India Standard Time)","1385.00","1397.20","1365.00","1367.80","8793606.00","36.57"
"Mon Aug 11 2025 00:00:00 GMT+0530 (India Standard Time)","1370.00","1388.00","1361.20","1386.20","9997486.00","43.66"
"Tue Aug 12 2025 00:00:00 GMT+0530 (India Standard Time)","1381.90","1401.90","1375.20","1380.40","12244664.00","55.57"
"Wed Aug 13 2025 00:00:00 GMT+0530 (India Standard Time)","1388.00","1391.80","1377.50","1382.60","7457021.00","28.73"
"Thu Aug 14 2025 00:00:00 GMT+0530 (India Standard Time)","1377.30","1380.70","1370.10","1373.80","7126128.00","28.60"
"Mon Aug 18 2025 00:00:00 GMT+0530 (India Standard Time)","1390.00","1394.90","1377.00","1381.70","11785109.00","54.51"
"Tue Aug 19 2025 00:00:00 GMT+0530 (India Standard Time)","1390.00","1421.00","1389.10","1420.10","14384719.00","75.94"
"Wed Aug 20 2025 00:00:00 GMT+0530 (India Standard Time)","1413.00","1424.90","1410.00","1413.00","8725641.00","39.03"
"Thu Aug 21 2025 00:00:00 GMT+0530 (India Standard Time)","1425.00","1431.90","1420.30","1424.80","11021323.00","57.69"
"Fri Aug 22 2025 00:00:00 GMT+0530 (India Standard Time)","1420.00","1423.40","1407.90","1409.20","5818868.00","15.82"
"Mon Aug 25 2025 00:00:00 GMT+0530 (India Standard Time)","1414.70","1419.50","1405.70","1412.60","5979407.00","20.50"
"Tue Aug 26 2025 00:00:00 GMT+0530 (India Standard Time)","1408.00","1410.00","1381.60","1384.90","12145259.00","71.63"
"Thu Aug 28 2025 00:00:00 GMT+0530 (India Standard Time)","1389.90","1392.20","1366.50","1385.90","13161813.00","78.38"
"Fri Aug 29 2025 00:00:00 GMT+0530 (India Standard Time)","1381.10","1403.50","1350.00","1357.20","18758842.00","109.64"
"Mon Sep 01 2025 00:00:00 GMT+0530 (India Standard Time)","1356.00","1363.20","1340.60","1353.90","11232238.00","59.49"
"Tue Sep 02 2025 00:00:00 GMT+0530 (India Standard Time)","1354.80","1384.50","1354.50","1366.50","11517006.00","61.19"
"Wed Sep 03 2025 00:00:00 GMT+0530 (India Standard Time)","1369.70","1376.50","1360.50","1372.60","7847563.00","31.61"
"Thu Sep 04 2025 00:00:00 GMT+0530 (India Standard Time)","1371.80","1374.00","1357.10","1359.30","13223177.00","72.42"
"Fri Sep 05 2025 00:00:00 GMT+0530 (India Standard Time)","1363.00","1381.00","1359.30","1375.00","5777575.00","14.35"
"Mon Sep 08 2025 00:00:00 GMT+0530 (India Standard Time)","1380.00","1386.00","1372.40","1378.50","6986720.00","25.57"
"Tue Sep 09 2025 00:00:00 GMT+0530 (India Standard Time)","1376.60","1381.20","1368.70","1376.20","9754452.00","46.24"
"Wed Sep 10 2025 00:00:00 GMT+0530 (India Standard Time)","1383.90","1388.50","1374.10","1377.00","7790815.00","32.32"
"Thu Sep 11 2025 00:00:00 GMT+0530 (India Standard Time)","1376.00","1385.50","1375.00","1383.30","9766072.00","48.12"
"Fri Sep 12 2025 00:00:00 GMT+0530 (India Standard Time)","1383.30","1396.30","1380.50","1395.00","7403368.00","30.16"
"Mon Sep 15 2025 00:00:00 GMT+0530 (India Standard Time)","1393.00","1400.80","1388.60","1399.30","5396697.00","16.52"
"Tue Sep 16 2025 00:00:00 GMT+0530 (India Standard Time)","1404.70","1408.00","1398.20","1405.30","8686961.00","41.96"
"Wed Sep 17 2025 00:00:00 GMT+0530 (India Standard Time)","1407.00","1416.20","1406.90","1413.80","7519417.00","35.21"
"Thu Sep 18 2025 00:00:00 GMT+0530 (India Standard Time)","1420.40","1422.00","1410.70","1415.00","9332642.00","49.04"
"Fri Sep 19 2025 00:00:00 GMT+0530 (India Standard Time)","1414.90","1417.00","1403.60","1407.40","13461373.00","79.25"
"Mon Sep 22 2025 00:00:00 GMT+0530 (India Standard Time)","1403.90","1410.70","1388.00","1390.60","7757970.00","35.19"
"Tue Sep 23 2025 00:00:00 GMT+0530 (India Standard Time)","1391.00","1395.00","1376.80","1389.80","14014702.00","80.29"
"Wed Sep 24 2025 00:00:00 GMT+0530 (India Standard Time)","1385.30","1396.00","1380.40","1383.00","5922759.00","21.19"
"Thu Sep 25 2025 00:00:00 GMT+0530 (India Standard Time)","1381.30","1384.50","1369.00","1372.40","11411143.00","63.26"
"Fri Sep 26 2025 00:00:00 GMT+0530 (India Standard Time)","1372.00","1382.70","1366.00","1377.60","9879109.00","56.40"
"Mon Sep 29 2025 00:00:00 GMT+0530 (India Standard Time)","1381.60","1389.00","1368.00","1372.80","14231999.00","94.62"
"Tue Sep 30 2025 00:00:00 GMT+0530 (India Standard Time)","1377.10","1377.10","1362.80","1364.00","14604684.00","93.47"
"Wed Oct 01 2025 00:00:00 GMT+0530 (India Standard Time)","1367.00","1378.60","1362.70","1368.70","12045916.00","69.57"
"Fri Oct 03 2025 00:00:00 GMT+0530 (India Standard Time)","1363.20","1371.60","1356.90","1363.40","12842347.00","76.71"
"Mon Oct 06 2025 00:00:00 GMT+0530 (India Standard Time)","1360.00","1377.40","1359.00","1375.00","12396580.00","70.71"
"Tue Oct 07 2025 00:00:00 GMT+0530 (India Standard Time)","1376.00","1395.90","1375.90","1384.80","11244040.00","58.86"
"Wed Oct 08 2025 00:00:00 GMT+0530 (India Standard Time)","1384.80","1389.00","1364.50","1367.40","8525081.00","34.75"
"Thu Oct 09 2025 00:00:00 GMT+0530 (India Standard Time)","1374.00","1380.00","1369.10","1377.80","8826633.00","36.84"
"Fri Oct 10 2025 00:00:00 GMT+0530 (India Standard Time)","1377.80","1388.00","1375.10","1381.70","6373084.00","17.44"
"Mon Oct 13 2025 00:00:00 GMT+0530 (India Standard Time)","1376.90","1377.70","1367.80","1375.00","7600682.00","28.03"
"Tue Oct 14 2025 00:00:00 GMT+0530 (India Standard Time)","1380.00","1388.00","1370.10","1375.90","9768174.00","44.75"
"Wed Oct 15 2025 00:00:00 GMT+0530 (India Standard Time)","1383.00","1384.00","1372.70","1374.30","10882743.00","54.31"
"Thu Oct 16 2025 00:00:00 GMT+0530 (India Standard Time)","1375.10","1400.50","1375.00","1398.30","12315932.00","66.09"
"Fri Oct 17 2025 00:00:00 GMT+0530 (India Standard Time)","1401.00","1423.30","1399.10","1416.80","19335561.00","114.74"
"Mon Oct 20 2025 00:00:00 GMT+0530 (India Standard Time)","1440.00","1473.80","1433.30","1466.80","24721978.00","125.41"
"Tue Oct 21 2025 00:00:00 GMT+0530 (India Standard Time)","1468.00","1474.00","1460.00","1465.20","2066169.00","0.37"
"Thu Oct 23 2025 00:00:00 GMT+0530 (India Standard Time)","1475.00","1482.90","1444.60","1448.40","18707090.00","85.40"
"Fri Oct 24 2025 00:00:00 GMT+0530 (India Standard Time)","1450.00","1459.80","1441.00","1451.60","9700837.00","38.69"
"Mon Oct 27 2025 00:00:00 GMT+0530 (India Standard Time)","1463.00","1485.00","1458.00","1484.10","14113867.00","60.90"
"Tue Oct 28 2025 00:00:00 GMT+0530 (India Standard Time)","1484.10","1492.00","1477.60","1486.90","17631577.00","76.43"
"Wed Oct 29 2025 00:00:00 GMT+0530 (India Standard Time)","1490.00","1508.30","1488.10","1504.20","11884745.00","48.00"
"Thu Oct 30 2025 00:00:00 GMT+0530 (India Standard Time)","1500.00","1503.10","1484.00","1488.50","9318663.00","36.37"
"Fri Oct 31 2025 00:00:00 GMT+0530 (India Standard Time)","1490.40","1497.50","1482.30","1486.40","8758053.00","34.52"
"Mon Nov 03 2025 00:00:00 GMT+0530 (India Standard Time)","1486.00","1495.00","1479.30","1484.70","8452085.00","34.24"
"Tue Nov 04 2025 00:00:00 GMT+0530 (India Standard Time)","1483.90","1492.80","1470.10","1473.10","10007806.00","42.56"
"Thu Nov 06 2025 00:00:00 GMT+0530 (India Standard Time)","1484.00","1501.60","1476.20","1496.10","16772678.00","74.06"
"Fri Nov 07 2025 00:00:00 GMT+0530 (India Standard Time)","1494.60","1498.40","1475.90","1478.00","7821765.00","31.11"
"Mon Nov 10 2025 00:00:00 GMT+0530 (India Standard Time)","1477.90","1501.00","1475.50","1489.30","7068438.00","28.18"
"Tue Nov 11 2025 00:00:00 GMT+0530 (India Standard Time)","1497.00","1498.80","1480.20","1493.40","7127506.00","28.13"
"Wed Nov 12 2025 00:00:00 GMT+0530 (India Standard Time)","1505.00","1524.70","1500.00","1511.50","12384459.00","52.15"
"Thu Nov 13 2025 00:00:00 GMT+0530 (India Standard Time)","1515.00","1522.10","1506.80","1510.90","7196443.00","27.93"
"Fri Nov 14 2025 00:00:00 GMT+0530 (India Standard Time)","1505.50","1520.90","1505.50","1518.90","7682823.00","31.29"
"Mon Nov 17 2025 00:00:00 GMT+0530 (India Standard Time)","1520.90","1523.70","1511.50","1518.30","5871416.00","24.95"
"Tue Nov 18 2025 00:00:00 GMT+0530 (India Standard Time)","1521.70","1527.80","1510.50","1519.40","11045042.00","50.63"
"Wed Nov 19 2025 00:00:00 GMT+0530 (India Standard Time)","1517.40","1522.30","1512.00","1518.90","5692366.00","24.28"
"Thu Nov 20 2025 00:00:00 GMT+0530 (India Standard Time)","1530.00","1550.90","1526.70","1549.10","18171724.00","95.08"
"Fri Nov 21 2025 00:00:00 GMT+0530 (India Standard Time)","1541.00","1557.80","1540.10","1546.60","9615271.00","45.24"
"Mon Nov 24 2025 00:00:00 GMT+0530 (India Standard Time)","1550.00","1550.00","1531.80","1535.90","18433951.00","97.07"
"Tue Nov 25 2025 00:00:00 GMT+0530 (India Standard Time)","1535.90","1559.60","1525.10","1539.70","15033482.00","75.68"
"Wed Nov 26 2025 00:00:00 GMT+0530 (India Standard Time)","1542.30","1571.60","1540.50","1569.90","14054299.00","72.05"
"Thu Nov 27 2025 00:00:00 GMT+0530 (India Standard Time)","1575.00","1575.50","1556.00","1563.40","9794643.00","45.36"
"Fri Nov 28 2025 00:00:00 GMT+0530 (India Standard Time)","1568.00","1581.30","1563.00","1567.50","8959508.00","40.12"
"Mon Dec 01 2025 00:00:00 GMT+0530 (India Standard Time)","1575.00","1577.50","1563.60","1566.10","8920233.00","39.81"
"Tue Dec 02 2025 00:00:00 GMT+0530 (India Standard Time)","1561.10","1567.50","1542.00","1546.30","11389150.00","54.77"
"Wed Dec 03 2025 00:00:00 GMT+0530 (India Standard Time)","1545.20","1552.40","1533.00","1538.80","6090883.00","22.64"
"Thu Dec 04 2025 00:00:00 GMT+0530 (India Standard Time)","1536.00","1560.50","1517.60","1535.60","11867930.00","61.09"
"Fri Dec 05 2025 00:00:00 GMT+0530 (India Standard Time)","1530.40","1545.80","1520.60","1540.60","10183266.00","49.01"
"Mon Dec 08 2025 00:00:00 GMT+0530 (India Standard Time)","1539.20","1551.00","1535.00","1543.00","11301491.00","55.25"
"Tue Dec 09 2025 00:00:00 GMT+0530 (India Standard Time)","1540.30","1542.50","1520.10","1529.40","11503971.00","55.25"
"Wed Dec 10 2025 00:00:00 GMT+0530 (India Standard Time)","1534.00","1547.50","1531.40","1536.90","7991629.00","32.16"
"Thu Dec 11 2025 00:00:00 GMT+0530 (India Standard Time)","1536.90","1550.00","1524.00","1545.00","4706197.00","11.68"
"Fri Dec 12 2025 00:00:00 GMT+0530 (India Standard Time)","1550.80","1559.80","1546.10","1556.50","5106655.00","16.44"
"Mon Dec 15 2025 00:00:00 GMT+0530 (India Standard Time)","1551.20","1558.60","1546.50","1556.20","5774543.00","20.84"
"Tue Dec 16 2025 00:00:00 GMT+0530 (India Standard Time)","1545.00","1551.70","1538.80","1542.30","11731856.00","59.13"
"Wed Dec 17 2025 00:00:00 GMT+0530 (India Standard Time)","1550.00","1550.00","1539.30","1544.40","7116649.00","28.49"
"Thu Dec 18 2025 00:00:00 GMT+0530 (India Standard Time)","1535.20","1551.50","1535.20","1544.40","6580829.00","26.52"
"Fri Dec 19 2025 00:00:00 GMT+0530 (India Standard Time)","1554.40","1574.20","1551.00","1565.10","13937275.00","77.55"
"Mon Dec 22 2025 00:00:00 GMT+0530 (India Standard Time)","1573.50","1577.50","1565.30","1575.40","10184852.00","54.80"
"Tue Dec 23 2025 00:00:00 GMT+0530 (India Standard Time)","1580.90","1580.90","1568.10","1570.70","7506564.00","34.24"
"Wed Dec 24 2025 00:00:00 GMT+0530 (India Standard Time)","1572.70","1575.70","1553.60","1558.20","8815745.00","48.43"
"Fri Dec 26 2025 00:00:00 GMT+0530 (India Standard Time)","1554.70","1561.00","1554.30","1559.20","2311495.00","-4.43"